sys_datetime,unix_timestamp,gps_week,gps_seconds,ins_status,pose_quality,ins_lat,ins_lon,ins_height_m,ins_undulation_m,roll_deg,pitch_deg,azimuth_deg,roll_sig_deg,pitch_sig_deg,azimuth_sig_deg,vel_n_ms,vel_e_ms,vel_u_ms,speed_2d_ms,vel_n_sig_ms,vel_e_sig_ms,vel_u_sig_ms,veh_lat_acc_ms2,veh_long_acc_ms2,veh_vert_acc_ms2,veh_pitch_rate_degs,veh_roll_rate_degs,veh_yaw_rate_degs,veh_pitch_rate_rads,veh_roll_rate_rads,veh_yaw_rate_rads,raw_accel_x_lsb,raw_accel_y_lsb,raw_accel_z_lsb,raw_gyro_x_lsb,raw_gyro_y_lsb,raw_gyro_z_lsb,imu_type,imu_status_hex,gnss_lat,gnss_lon,gnss_height_m,gnss_undulation_m,gnss_sol_status,gnss_pos_type,gnss_sol_quality,gnss_lat_sig_m,gnss_lon_sig_m,gnss_height_sig_m,gnss_num_svs,gnss_num_used,gnss_diff_age_s,gnss_sol_age_s,ext_pos_update,ext_vel_update,ext_att_update,ext_phase_update,ext_zero_vel,ext_wheel_sensor,ext_heading_update,ext_ins_enabled,ext_heading_align,spec_analysis_type,spec_band_id,spec_center_freq_hz,spec_bandwidth_hz,spec_power_dbm,spec_noise_dbm
2026-05-25 09:17:26.512688,1779715046.512688,2420,133634.0,,,,,,,,,,,,,,,,0.0000,,,,0.0,0.0,0.0,0.0,0.0,0.0,0.0,0.0,0.0,2128407,-1188008,164331981,-16659,-152733,27774,61,f690fe00,43.51540496129,-79.68376165217,166.5348,-37.1,SOL_COMPUTED,SINGLE,good,1.656,1.9685,3.0979,17,13,0.0,0.0,0,0,0,0,0,0,0,0,0,SPECTRUMANALYSIS,L5,1187.869,0.806,-59.801,-112.038
2026-05-25 09:17:29.255605,1779715049.255605,2420,133954.0,,,,,,,,,,,,,,,,0.0000,,,,0.0,0.0,0.0,0.0,0.0,0.0,0.0,0.0,0.0,2427260,-1253495,164538055,-84735,75870,34227,61,f4fafe00,43.51539843239,-79.68393026672,180.0657,-37.1,SOL_COMPUTED,SINGLE,good,1.5538,1.5439,2.9505,17,15,0.0,0.0,0,0,0,0,0,0,0,0,0,SPECTRUMANALYSIS,L5,1187.869,0.806,-59.801,-112.038
2026-05-25 09:17:32.762997,1779715052.762997,2420,134264.0,,,,,,,,,,,,,,,,0.0000,,,,0.0,0.0,0.0,0.0,0.0,0.0,0.0,0.0,0.0,2317537,-1198358,164423078,25312,11299,36613,61,f39efe00,43.51537372765,-79.68397201794,166.0051,-37.1,SOL_COMPUTED,SINGLE,good,1.6689,1.6238,3.036,15,15,0.0,0.0,0,0,0,0,0,0,0,0,0,SPECTRUMANALYSIS,L5,1187.283,3.735,-54.772,-111.892
2026-05-25 09:17:35.630817,1779715055.630817,2420,134265.0,,,,,,,,,,,,,,,,0.0000,,,,0.0,0.0,0.0,0.0,0.0,0.0,0.0,0.0,0.0,2186914,-1188490,164384150,38198,2648,2803,61,f39dfe00,43.51537356984,-79.68397167703,165.959,-37.1,SOL_COMPUTED,SINGLE,good,1.6682,1.621,3.0313,15,15,0.0,0.0,0,0,0,0,0,0,0,0,0,SPECTRUMANALYSIS,L5,1187.649,2.417,-53.508,-107.901
2026-05-25 09:17:38.152885,1779715058.152885,2420,134266.0,,,,,,,,,,,,,,,,0.0000,,,,0.0,0.0,0.0,0.0,0.0,0.0,0.0,0.0,0.0,2085127,-1311573,164360113,-100034,-397107,-62279,61,f39dfe00,43.51537333329,-79.68397097021,165.8755,-37.1,SOL_COMPUTED,SINGLE,good,1.6685,1.6236,3.0328,16,15,0.0,0.0,0,0,0,0,0,0,0,0,0,SPECTRUMANALYSIS,L5,1187.649,2.417,-53.508,-107.901
2026-05-25 09:17:40.682447,1779715060.682447,2420,134267.0,,,,,,,,,,,,,,,,0.0000,,,,0.0,0.0,0.0,0.0,0.0,0.0,0.0,0.0,0.0,2158237,-1405304,164288598,15718,53484,14884,61,f39cfe00,43.515373163,-79.68397007071,165.8194,-37.1,SOL_COMPUTED,SINGLE,good,1.6685,1.6255,3.0335,16,15,0.0,0.0,0,0,0,0,0,0,0,0,0,SPECTRUMANALYSIS,L5,1187.649,2.417,-53.508,-107.901
2026-05-25 09:17:43.518414,1779715063.518414,2420,134268.0,,,,,,,,,,,,,,,,0.0000,,,,0.0,0.0,0.0,0.0,0.0,0.0,0.0,0.0,0.0,2246331,-1500178,164290966,-42265,-40403,-18168,61,f39bfe00,43.51537307279,-79.68396938164,165.7935,-37.1,SOL_COMPUTED,SINGLE,good,1.6683,1.6287,3.0341,16,15,0.0,0.0,0,0,0,0,0,0,0,0,0,SPECTRUMANALYSIS,L5,1188.601,4.028,-53.921,-108.796
2026-05-25 09:17:46.486405,1779715066.486405,2420,134269.0,,,,,,,,,,,,,,,,0.0000,,,,0.0,0.0,0.0,0.0,0.0,0.0,0.0,0.0,0.0,2217108,-1305702,164334104,-20362,28128,47126,61,f399fe00,43.51537107157,-79.68360171395,191.7362,-37.1,SOL_COMPUTED,SINGLE,good,2.7501,1.9797,5.5475,16,7,0.0,0.0,0,0,0,0,0,0,0,0,0,SPECTRUMANALYSIS,L5,1188.601,4.028,-53.921,-108.796
2026-05-25 09:17:49.205613,1779715069.205613,2420,134270.0,,,,,,,,,,,,,,,,0.0000,,,,0.0,0.0,0.0,0.0,0.0,0.0,0.0,0.0,0.0,2149697,-1244746,164309489,-31324,9440,32952,61,f398fe00,43.51537312667,-79.68396789986,165.8477,-37.1,SOL_COMPUTED,SINGLE,good,1.6684,1.63,3.034,15,15,0.0,0.0,0,0,0,0,0,0,0,0,0,SPECTRUMANALYSIS,L2,1226.084,2.051,-65.461,-126.925
2026-05-25 09:17:51.749693,1779715071.749693,2420,134271.0,,,,,,,,,,,,,,,,0.0000,,,,0.0,0.0,0.0,0.0,0.0,0.0,0.0,0.0,0.0,2113732,-1297833,164259674,-57395,-55100,12920,61,f397fe00,43.51536793994,-79.68358762159,193.7028,-37.1,SOL_COMPUTED,SINGLE,good,2.7298,1.9223,5.3222,16,7,0.0,0.0,0,0,0,0,0,0,0,0,0,SPECTRUMANALYSIS,L2,1226.084,2.051,-65.461,-126.925
2026-05-25 09:17:54.173780,1779715074.173780,2420,134272.0,,,,,,,,,,,,,,,,0.0000,,,,0.0,0.0,0.0,0.0,0.0,0.0,0.0,0.0,0.0,2118941,-1159338,164391534,-20055,-56353,6300,61,f396fe00,43.51534883734,-79.68354102494,204.5102,-37.1,SOL_COMPUTED,SINGLE,good,2.7458,2.0028,5.5462,16,7,0.0,0.0,0,0,0,0,0,0,0,0,0,SPECTRUMANALYSIS,L2,1226.084,2.051,-65.461,-126.925
2026-05-25 09:17:56.788812,1779715076.788812,2420,134273.0,,,,,,,,,,,,,,,,0.0000,,,,0.0,0.0,0.0,0.0,0.0,0.0,0.0,0.0,0.0,2103075,-1207351,164231558,13075,112937,69900,61,f395fe00,43.51537336415,-79.68396533822,166.0113,-37.1,SOL_COMPUTED,SINGLE,good,1.6681,1.6294,3.0327,15,15,0.0,0.0,0,0,0,0,0,0,0,0,0,SPECTRUMANALYSIS,L5,1187.136,2.856,-55.303,-111.812
2026-05-25 09:17:59.283585,1779715079.283585,2420,134274.0,,,,,,,,,,,,,,,,0.0000,,,,0.0,0.0,0.0,0.0,0.0,0.0,0.0,0.0,0.0,2247804,-1193682,164405590,42104,27648,19024,61,f395fe00,43.51537351175,-79.6839644303,166.1049,-37.1,SOL_COMPUTED,SINGLE,good,1.6681,1.6243,3.0311,15,15,0.0,0.0,0,0,0,0,0,0,0,0,0,SPECTRUMANALYSIS,L5,1187.466,4.688,-53.918,-110.751
2026-05-25 09:18:01.987616,1779715081.987616,2420,134275.0,,,,,,,,,,,,,,,,0.0000,,,,0.0,0.0,0.0,0.0,0.0,0.0,0.0,0.0,0.0,2215347,-1239988,164346493,572,4960,25154,61,f394fe00,43.51537376915,-79.68396355131,166.146,-37.1,SOL_COMPUTED,SINGLE,good,1.6686,1.629,3.0339,15,15,0.0,0.0,0,0,0,0,0,0,0,0,0,SPECTRUMANALYSIS,L5,1187.466,4.688,-53.918,-110.751
2026-05-25 09:18:04.192418,1779715084.192418,2420,134276.0,,,,,,,,,,,,,,,,0.0000,,,,0.0,0.0,0.0,0.0,0.0,0.0,0.0,0.0,0.0,2360225,-1256077,164439232,-21434,60689,52324,61,f393fe00,43.51534514014,-79.68351180982,208.9534,-37.1,SOL_COMPUTED,SINGLE,good,2.7193,1.8441,5.1653,16,7,0.0,0.0,0,0,0,0,0,0,0,0,0,SPECTRUMANALYSIS,L5,1187.466,4.688,-53.918,-110.751
2026-05-25 09:18:06.817990,1779715086.817990,2420,134277.0,,,,,,,,,,,,,,,,0.0000,,,,0.0,0.0,0.0,0.0,0.0,0.0,0.0,0.0,0.0,2282729,-1232309,164320326,1177,-21297,-7581,61,f392fe00,43.5153743316,-79.68396147326,166.3481,-37.1,SOL_COMPUTED,SINGLE,good,1.6685,1.6206,3.0307,15,15,0.0,0.0,0,0,0,0,0,0,0,0,0,SPECTRUMANALYSIS,L5,1187.136,3.882,-54.503,-108.831
2026-05-25 09:18:09.428147,1779715089.428147,2420,134278.0,,,,,,,,,,,,,,,,0.0000,,,,0.0,0.0,0.0,0.0,0.0,0.0,0.0,0.0,0.0,2235244,-1255392,164388717,-24720,-17423,30814,61,f391fe00,43.51537468702,-79.68396035468,166.4895,-37.1,SOL_COMPUTED,SINGLE,good,1.6689,1.6191,3.0324,15,15,0.0,0.0,0,0,0,0,0,0,0,0,0,SPECTRUMANALYSIS,L5,1187.136,3.882,-54.503,-108.831
